/messages /concepts/messages 301
/context /concepts/context 301
/compaction /concepts/compaction 301
/cron /cron-jobs 301
/minimax /providers/minimax 301
/xiaomi /providers/xiaomi 301
/openai /providers/openai 301
/openai/ /providers/openai 301
/anthropic /providers/anthropic 301
/anthropic/ /providers/anthropic 301
/moonshot /providers/moonshot 301
/openrouter /providers/openrouter 301
/opencode /providers/opencode 301
/qianfan /providers/qianfan 301
/mattermost /channels/mattermost 301
/line /channels/line 301
/glm /providers/glm 301
/zai /providers/zai 301
/message /cli/message 301
/providers/discord /channels/discord 301
/providers/googlechat /channels/googlechat 301
/providers/grammy /channels/grammy 301
/providers/imessage /channels/imessage 301
/providers/location /channels/location 301
/providers/mattermost /channels/mattermost 301
/providers/msteams /channels/msteams 301
/providers/line /channels/line 301
/providers/signal /channels/signal 301
/providers/slack /channels/slack 301
/providers/telegram /channels/telegram 301
/providers/troubleshooting /channels/troubleshooting 301
/providers/zalo /channels/zalo 301
/providers/whatsapp /channels/whatsapp 301
/sandbox /cli/sandbox 301
/sandboxing /gateway/sandboxing 301
/AGENTS.default /reference/AGENTS.default 301
/RELEASING /reference/RELEASING 301
/agent /concepts/agent 301
/agent-loop /concepts/agent-loop 301
/agent-send /tools/agent-send 301
/agent-workspace /concepts/agent-workspace 301
/android /platforms/android 301
/architecture /concepts/architecture 301
/audio /nodes/audio 301
/background-process /gateway/background-process 301
/bash /tools/exec 301
/tools/bash /tools/exec 301
/bonjour /gateway/bonjour 301
/browser /tools/browser 301
/browser-linux-troubleshooting /tools/browser-linux-troubleshooting 301
/bun /install/bun 301
/auth-monitoring /automation/auth-monitoring 301
/camera /nodes/camera 301
/clawhub /tools/clawhub 301
/configuration /gateway/configuration 301
/control-ui /web/control-ui 301
/cron-jobs /automation/cron-jobs 301
/cron-vs-heartbeat /automation/cron-vs-heartbeat 301
/dashboard /web/dashboard 301
/device-models /reference/device-models 301
/discord /channels/discord 301
/discovery /gateway/discovery 301
/docker /install/docker 301
/podman /install/podman 301
/doctor /gateway/doctor 301
/elevated /tools/elevated 301
/faq /help/faq 301
/gateway-lock /gateway/gateway-lock 301
/getting-started /start/getting-started 301
/quickstart /start/getting-started 301
/start/quickstart /start/getting-started 301
/gmail-pubsub /automation/gmail-pubsub 301
/grammy /channels/grammy 301
/group-messages /channels/group-messages 301
/groups /channels/groups 301
/health /gateway/health 301
/heartbeat /gateway/heartbeat 301
/hubs /start/hubs 301
/images /nodes/images 301
/imessage /channels/imessage 301
/ios /platforms/ios 301
/linux /platforms/linux 301
/location /channels/location 301
/location-command /nodes/location-command 301
/lore /start/lore 301
/mac/bun /platforms/mac/bundled-gateway 301
/platforms/mac/bun /platforms/mac/bundled-gateway 301
/mac/canvas /platforms/mac/canvas 301
/mac/child-process /platforms/mac/child-process 301
/mac/dev-setup /platforms/mac/dev-setup 301
/mac/health /platforms/mac/health 301
/mac/icon /platforms/mac/icon 301
/mac/logging /platforms/mac/logging 301
/mac/menu-bar /platforms/mac/menu-bar 301
/mac/peekaboo /platforms/mac/peekaboo 301
/mac/permissions /platforms/mac/permissions 301
/mac/release /platforms/mac/release 301
/mac/remote /platforms/mac/remote 301
/mac/signing /platforms/mac/signing 301
/mac/skills /platforms/mac/skills 301
/mac/voice-overlay /platforms/mac/voice-overlay 301
/mac/voicewake /platforms/mac/voicewake 301
/mac/webchat /platforms/mac/webchat 301
/mac/xpc /platforms/mac/xpc 301
/macos /platforms/macos 301
/model-failover /concepts/model-failover 301
/model /models 301
/model/ /models 301
/models /concepts/models 301
/multi-agent /concepts/multi-agent 301
/nix /install/nix 301
/onboarding /start/onboarding 301
/onboarding-config-protocol /experiments/onboarding-config-protocol 301
/pairing /channels/pairing 301
/plans/cron-add-hardening /experiments/plans/cron-add-hardening 301
/plans/group-policy-hardening /experiments/plans/group-policy-hardening 301
/poll /automation/poll 301
/presence /concepts/presence 301
/proposals/model-config /experiments/proposals/model-config 301
/provider-routing /channels/channel-routing 301
/concepts/provider-routing /channels/channel-routing 301
/queue /concepts/queue 301
/remote /gateway/remote 301
/remote-gateway-readme /gateway/remote-gateway-readme 301
/research/memory /experiments/research/memory 301
/rpc /reference/rpc 301
/security /gateway/security 301
/session /concepts/session 301
/session-tool /concepts/session-tool 301
/sessions /concepts/sessions 301
/setup /start/setup 301
/showcase /start/showcase 301
/signal /channels/signal 301
/skills /tools/skills 301
/skills-config /tools/skills-config 301
/slack /channels/slack 301
/slash-commands /tools/slash-commands 301
/subagents /tools/subagents 301
/tailscale /gateway/tailscale 301
/talk /nodes/talk 301
/telegram /channels/telegram 301
/templates/AGENTS /reference/templates/AGENTS 301
/templates/BOOT /reference/templates/BOOT 301
/templates/BOOTSTRAP /reference/templates/BOOTSTRAP 301
/templates/HEARTBEAT /reference/templates/HEARTBEAT 301
/templates/IDENTITY /reference/templates/IDENTITY 301
/templates/SOUL /reference/templates/SOUL 301
/templates/TOOLS /reference/templates/TOOLS 301
/templates/USER /reference/templates/USER 301
/test /reference/test 301
/thinking /tools/thinking 301
/timezone /concepts/timezone 301
/troubleshooting /help/troubleshooting 301
/tui /web/tui 301
/typebox /concepts/typebox 301
/updating /install/updating 301
/voicewake /nodes/voicewake 301
/webchat /web/webchat 301
/webhook /automation/webhook 301
/whatsapp /channels/whatsapp 301
/windows /platforms/windows 301
/wizard /start/wizard 301
/start/wizard-cli-flow /start/wizard-cli-reference 301
/start/wizard-cli-auth /start/wizard-cli-reference 301
/start/wizard-cli-outputs /start/wizard-cli-reference 301
/start/faq /help/faq 301
/oauth /concepts/oauth 301
/plugin /tools/plugin 301
/plugins /tools/plugin 301
/railway /install/railway 301
/northflank /install/northflank 301
/render /install/render 301
/gcp /install/gcp 301
/platforms/fly /install/fly 301
/platforms/hetzner /install/hetzner 301
/platforms/gcp /install/gcp 301
/platforms/macos-vm /install/macos-vm 301
/platforms/exe-dev /install/exe-dev 301
/platforms/railway /install/railway 301
/platforms/render /install/render 301
/platforms/northflank /install/northflank 301
/gateway/trusted-proxy /gateway/trusted-proxy-auth 301
/start/faq /help/faq 301
/faq /help/faq 301
